path,size_bytes,sha256
.gitignore,62,0aa681a6027822bb921695cef31b8cf6386865ad56fbea1bc2547e8a7573918a
ARTIFACTS.md,798,9e5dde90d67e3f8db581031fd7df2667a2ca012e88c336d190c9b9bfe52ae263
CHECKPOINTS.md,1503,12f93ddf15775b67eb973bc1511b0cae95c8e9bb2d907b3635f84bfa2e91e249
CONTRIBUTING.md,866,8bbd7df506df201be696003fd7412329efbeb3438b1579fa2adff3698f9487ed
README.md,48643,ad70093c9efd77f383a32dab77ddc9fc7f063cd77fc14d2edc668942070f3fcf
artifacts/qcno_v10_matrix_free_bundle.zip,111880,3f66a629ec6700d1eb360551c5e965ad615af0782aa1d873e32dbc8cd0473c5e
artifacts/qcno_v10_verified_bundle.zip,76391,44381344ddfb9a7ce970f4c5e2f94b6221e4828a5fcfe742c8964b0a35bff93b
artifacts/qcno_v1_benchmark_bundle.zip,165200,e9206af6b3b132d06d6e39dd077a40540efe6d8c1848e932b0af20386d936c2a
artifacts/qcno_v2_full_bundle.zip,3552700,1c8d1cb41a372575e33cdd33bab5666b7ec48e49a46b3a5024b95495222459b4
artifacts/qcno_v3_v6_continuation_bundle.zip,3662998,40ffd6630798ab70a91011f180de0a23735a6169c3958f8b333d8bc6bf645747
artifacts/qcno_v4_full_bundle.zip,38000333,d3a16c8d54abc342d48b6b8fd501f1a958e77d54e7bb76cce6881f80a9ae7ddb
artifacts/qcno_v7_100x_bundle.zip,97361,a6a5d580072772649eada04344e9a17524674dd450cbed45ddbcfb287981485a
artifacts/qcno_v7_v8_100x_dedup_bundle.zip,3633154,bd1ea1e4cbd1dc45d0660745227867555555957a57613bef26fb380030d37b1c
checkpoints/qcno_v105_hh_point0.pt,53253,a98aeb814a21761cfcd3eeeed22f2ca22f15a9b98d523e0ef4335510666a595f
checkpoints/qcno_v105_hh_point1.pt,53253,39a2346b5eb36ff8da45f85a0e6948f44b992a50703b6c2ab3f52f0ce26f020d
checkpoints/qcno_v105_hh_point2.pt,53253,825673f7c3c675b9f9132a71c6b2ce1164c246d7b2b6355036c93ea0a4a40da9
checkpoints/qcno_v105_hh_point3.pt,53253,dbe8d62408c92daaba4165ab3cb80fecc966f1e9298880908d43d2b5cdd40a85
checkpoints/qcno_v2_baseline_600.pt,1750953,3b87365bd821fdf4af2132523e773181ee3fdc272dec3d85632110e0b12d1c0b
checkpoints/qcno_v2_native_R16.pt,583429,4a64f598aebbc7ee5d17c713a53601c280c1b11f3212ea6edfe20151cd572ef6
checkpoints/qcno_v2_native_R32.pt,976645,6ecc47eef39ec7f57d759f925ba087de656ab0da2716aa5a266812d6cf884c91
checkpoints/qcno_v2_native_R8.pt,386755,9d7547ecfce5b4716fb5f2355908061764333d08b1a2d3dcb184f3498cfbc9ec
checkpoints/qcno_v31_adaptive_avg16.pt,2238159,67ea2daf906ea5c45cabdf2ab0c01d33535b9bec5dd4ce05baf01d334e6ac66e
checkpoints/qcno_v31_adaptive_avg32.pt,3811023,8ddd79188a98cb56438d69bdd2ccb27b2caf19897ebac7d01492d65a9de928eb
checkpoints/qcno_v31_adaptive_avg32_best_final.pt,3811023,049214001f67223dc878dc279bd06b7e38af51800a91d19ead7dd879d9c048ec
checkpoints/qcno_v31_adaptive_avg8.pt,1451661,fed446d56e4a6af2b3c09afb0e3129209c6d656682147c3a2f56883fe6ca5b91
checkpoints/qcno_v3_teacher_d512.pt,25818465,1fb70b4806fe19d90f998b6b500b0ea16cf134cf1a8ce14e56853f297b90fe06
checkpoints/qcno_v41_hybrid_avg8.pt,2463793,c591f6783cc577f3fd4143f0fca8a86f6afff5967b1be6f590ebdf33cb56d230
checkpoints/qcno_v42_householder_avg8_K4.pt,1868361,7f099518a21a8aa6637cc3945908b039b026813284d3a8bc65d15b360567cc7c
checkpoints/qcno_v43_multibasis_avg8_C4.pt,1860495,e682e13d1808518d4702b0d0a42fd911ccb0cb3bc6dc0cd5fbe0678edf6893c0
checkpoints/qcno_v4_butterfly.pt,1661019,8c752f0547a9ae8ef7739ea89f415be0b2756ce6a2c1af23e2c223b9a5a18e1d
checkpoints/qcno_v8_dedup_factor4.pt,1488267,9981106af310ffdd79a1d0c95d3c64487019d02ebba267a50324ae2a939a7395
checkpoints/qcno_v8_greedy_factor2.pt,2266637,99fe6344cfb73df63fd5cb3fff4d7925aa4a992afce9bc6ab2e0136dcdc7b8df
docs/qcno_benchmark_report.md,1028,d6373a8fb94b1f6ac00dc97a23e48f6e016bb07e76eb101302a213086c9a0c37
docs/qcno_exact_operator_report.md,1402,8df7f8d6b6e47b82a339a15f22a974dc3c67767df9443fb212ac53e2bdf6d94e
docs/qcno_quantum_target_spec.md,1875,14dcf98381496f0fa19df59986c45442d8dc5b7010bc1fe3789fff9c888a79f3
docs/qcno_v10_report.md,5642,1cde53971d14eed053f75a154c91275cfce4bd375224adb58e2743d1f3260a6a
docs/qcno_v10_verified_report.md,6221,71699075c67f7b0eea2b9aa55596290ef4fefab03c529aea52310fd39847e90e
docs/qcno_v2_final_report.md,5881,398aa91a5d655dfdfe0172516fdfedd3f31d32b02ee6cf08c9427b6288751819
docs/qcno_v31_common_eval_final.txt,638,7acbc2f08a7db838fd01f8ffea21dd1d4660e6168783435f84bfa2e91e249
docs/qcno_v3_final_report.md,4489,1aba0acb5d9945a0beec20926a2d6582fbc2847535a3dac4bb74827a6fba66a9
docs/qcno_v3_v6_continuation_report.md,5180,7b16114d8a81304f9975aaf2fbd95dad19521fab76081c5f9400b252a56d5e37
docs/qcno_v4_report.md,4791,b2f4fbcba1e5c7d6ca1db513e6c45d864f706835edfcb6fa954717e81fcb0c4c
docs/qcno_v7_100x_report.md,3384,0579d7227765afa6a9ec948d1b3a2ea82fe0034021892587bf92c64942553e46
docs/qcno_v7_v8_100x_dedup_report.md,3588,9966ff197708c406df2f0bce98a94bff99c2eb76d3eed1ed98082f1d9d407dd6
figures/qcno_benchmark_speedup.png,77657,fcd903d83852314d04f5194f63794ed0bd9a13ee3253001dd41130cceb0ef9dc
figures/qcno_exact_operator_speedup.png,85366,0b2f6034fe04d523980741e913294f160283239f7897d953216a66b10bb5f896
figures/qcno_scaling_comparison.png,94411,c467bb162df35917f2ad4a06ddb4883d5fc903f15581661175665d0a97798fc8
figures/qcno_v101_stress_speed.png,89587,2ea6775f78c3f5e900d2575376a20b6d8f4aebb63da784cf27d48c260d891289
figures/qcno_v10_state_kernel_speed.png,61489,44db49f752a2c617d0b453e08410c390d6af2fdbb450180dd0d34faa58402050
figures/qcno_v10_state_sparsity_quality.png,65329,9677f33b078bdcc95b4e16c47e051800d2450d8060bb1e320b89a0e56508bbe5
figures/qcno_v10_verified_quality_frontier.png,79584,02abc229020365547ba33c69d19b9de2a816f62c84ff04c0d9cb1cdbd7705864
figures/qcno_v2_quality_pareto.png,66855,332c1b228983bec60b1365566b33d69b182baa244019d65b4e85a077ae2f6816
figures/qcno_v2_speed_scaling.png,106947,c671f0999360bbde9ee98bdce8d675eb642792a6a99eb5d68766151bb3ef1271
figures/qcno_v3_v6_quality_frontier.png,62453,b0840187c8f517e8ab63c53e8c7e41f5d41c75167e1415806e4c30f8a42bc031
figures/qcno_v4_quality_speed_frontier.png,80935,0cd44e57bab41859a0400202a622cd014b46e8cbd02c0f7c6d4a5784687781e8
figures/qcno_v53_n4096_speed_frontier.png,72017,283689144fe70a470df7e990846881b58d052c73fe595b103fafffd8b1f34bd2
figures/qcno_v7_100x_matrix_frontier.png,104342,e21117e99b12704286c664dc559d6a9c3fb10d40a7ad211b6cacbe5e4d14299b
figures/qcno_v8_dedup_quality_frontier.png,82437,ed93d90dd1ed61d0d747215591bfb9b53e90ad3d843e890495e3c06984b3d57d
figures_svg/v10_constant_fraction_speed.svg,34706,5ba8dc4d1030dd71579e39b2fde131aa3d1d083c62a0417902ce821a0ce5163d
figures_svg/v10_verified_quality_frontier.svg,43429,cbf403f8cf4909f4992096bb9b3fe6ab9076f45544e75e86666446715ce0649c
figures_svg/v1_exact_operator_speed.svg,29405,f52134097a61347454039c33fb9cf75c43369788a0ebdcdbd83b7dbd1ba1926c
figures_svg/v2_quality_compression.svg,40669,65ec05020a77a827d442f30ce2a5b52b94f148af58ddfe79e7fb0409b7fa9f31
figures_svg/v3_v6_quality_frontier.svg,38627,c8927e37c47d2799e8d836260df3b65574c10858e16757c0387b8bddaf59741f
figures_svg/v7_100x_frontier.svg,41141,401f4200c2d48f370ffdcdf39db5f3ba4d160b6a85da383f3f3a6d46a714818e
requirements.txt,93,11ed1079cde5240f67ad7bd575da49aeb53088e5fbd72d87a3715bfd7154eed2
