mode,k,active_fraction,ppl,accuracy,eval_seconds
pca_firstk,256,0.5,7.384271802119288,0.4786458333333333,2.0542968070000143
pca_firstk,128,0.25,7.5823684574014365,0.47239583333333335,1.7970840610000778
pca_firstk,96,0.1875,7.967695830637383,0.4588541666666667,1.8753056230000311
pca_firstk,64,0.125,8.522753736458691,0.42421875,1.9468261600000005
pca_firstk,32,0.0625,9.815165820081473,0.36015625,1.958436436999932
pca_topk,256,0.5,7.371823681147053,0.47942708333333334,1.8623371059999272
pca_topk,128,0.25,7.456918652502596,0.4734375,1.7544647510000004
pca_topk,96,0.1875,7.556629437839634,0.4752604166666667,1.9966774590000114
pca_topk,64,0.125,7.845756405308876,0.46119791666666665,2.1190503860000263
pca_topk,32,0.0625,8.96002811202144,0.40390625,2.205629263999981
pca_energy_mean,32,0.0625,0.8185216039419174,,0.0
pca_energy_mean,64,0.125,0.9106589704751968,,0.0
pca_energy_mean,96,0.1875,0.955264151096344,,0.0
pca_energy_mean,128,0.25,0.9748446196317673,,0.0
pca_energy_mean,256,0.5,0.9944034218788147,,0.0
