k,transition,retained_support_fraction,churn_fraction
256,0->1,0.6281477868556976,0.3718522131443024
256,1->2,0.8226757824420929,0.17732421755790706
256,2->3,0.7097851514816285,0.29021484851837154
128,0->1,0.5139583289623261,0.48604167103767393
128,1->2,0.8342805981636048,0.16571940183639522
128,2->3,0.6837272107601166,0.31627278923988345
96,0->1,0.4889453113079071,0.5110546886920929
96,1->2,0.8427647829055787,0.15723521709442134
96,2->3,0.6814105868339538,0.31858941316604616
64,0->1,0.4728645831346512,0.5271354168653488
64,1->2,0.8553124964237213,0.1446875035762787
64,2->3,0.6818815171718597,0.31811848282814026
