rank_R,relative_weight_Fro_error,val_loss,byte_ppl,next_byte_accuracy,ppl_ratio_vs_baseline,dense_target_params,qcno_factor_params,compression_x_dense_over_qcno
2,0.9695594308989579,4.500575923919678,90.06898925130234,0.10608258928571429,10.131505555233078,393216,12288,32.0
4,0.9409235036774927,4.433296271732876,84.20853414326534,0.10608258928571429,9.472286061633481,393216,24576,16.0
8,0.8868137328619745,4.1676052365984235,64.56065933119405,0.10601283482142858,7.262174074569676,393216,49152,8.0
16,0.7873089758475711,3.5283344745635987,34.067180581952,0.10744977678571428,3.8320828532244735,393216,98304,4.0
24,0.695904274162458,3.1537039824894495,23.422661232759065,0.1645228794642857,2.634722831583342,393216,147456,2.6666666666666665
32,0.6109772555321306,2.855320508139474,17.380006748694033,0.25887276785714286,1.9550084483915298,393216,196608,2.0
48,0.4578746629498835,2.4986250604901996,12.165755278403799,0.35740792410714284,1.3684778547125973,393216,294912,1.3333333333333333
64,0.3240868112643621,2.3210125718797956,10.185983126063437,0.4166015625,1.1457810894189633,393216,393216,1.0
96,0.11215331646689415,2.196391364506313,8.992504207759634,0.44542410714285713,1.0115313505092562,393216,589824,0.6666666666666666
128,2.545644466945347e-07,2.185008907318115,8.89072774555898,0.4490931919642857,1.000082917471989,393216,786432,0.5
