op,rank,baseline_relerr,dual_bitrev_half_relerr,gain_x,error_reduction_pct
L0.q,43,0.85362,0.85236,1.00148,0.148
L0.k,46,0.84390,0.84270,1.00142,0.142
L0.v,31,0.89201,0.89092,1.00123,0.123
L0.o,31,0.89176,0.89091,1.00095,0.095
L0.fc1.0,36,0.87632,0.87510,1.00139,0.139
L0.fc1.1,34,0.88256,0.88122,1.00152,0.151
L0.fc1.2,34,0.88206,0.88095,1.00126,0.126
L0.fc1.3,35,0.87884,0.87793,1.00104,0.104
L0.fc2.0,34,0.88166,0.88108,1.00065,0.065
L0.fc2.1,33,0.88540,0.88421,1.00135,0.135
L0.fc2.2,33,0.88529,0.88424,1.00119,0.119
L0.fc2.3,31,0.89186,0.89069,1.00131,0.131
L1.q,32,0.88903,0.88731,1.00194,0.194
L1.k,33,0.88501,0.88376,1.00141,0.141
L1.v,27,0.90555,0.90451,1.00115,0.114
L1.o,27,0.90535,0.90408,1.00140,0.141
L1.fc1.0,29,0.89807,0.89723,1.00094,0.094
L1.fc1.1,30,0.89486,0.89377,1.00122,0.122
L1.fc1.2,29,0.89861,0.89740,1.00135,0.135
L1.fc1.3,29,0.89796,0.89691,1.00117,0.117
L1.fc2.0,28,0.90118,0.90061,1.00063,0.063
L1.fc2.1,27,0.90505,0.90397,1.00119,0.119
L1.fc2.2,28,0.90095,0.89989,1.00118,0.117
L1.fc2.3,28,0.90125,0.90013,1.00124,0.124
