N,R,tokens_T,dense_ms,implicit_ms,speedup_dense_over_implicit,relative_error,weight_compression_x,theoretical_work_ratio_x
256,1,32,0.032148999935088796,0.06288400004450523,0.5112429220840884,2.754258900949935e-07,128.0,14.222222222222221
256,4,32,0.033901000051628216,0.21608499991998542,0.15688733629905588,2.755624279870972e-07,32.0,5.333333333333333
256,8,32,0.033550999887665967,0.24355599998671096,0.13775476641715498,2.9061280315545446e-07,16.0,2.909090909090909
256,16,32,0.034260999882462784,0.3262700001869234,0.10500812168705154,2.9853578098482103e-07,8.0,1.5238095238095237
512,1,32,0.1187190000564442,0.08872399985193624,1.338070874335738,3.2270855854221736e-07,256.0,25.6
512,4,32,0.11706600002980849,0.26230399998894427,0.44629895096812344,3.2855385256880254e-07,64.0,9.660377358490566
512,8,32,0.11638399996627413,0.32919399995989806,0.3535422880746668,3.34112968403133e-07,32.0,5.278350515463917
512,16,32,0.11746599989237438,0.2503860000615532,0.4691396478377279,3.395062151412276e-07,16.0,2.7675675675675677
1024,1,32,0.6375069999648986,0.15245899999172252,4.181497976501951,3.268492037022952e-07,512.0,46.54545454545455
1024,4,32,0.44698199985759857,0.4025850000743958,1.1102798161257832,3.3076221939154493e-07,128.0,17.655172413793103
1024,8,32,0.4539120000117691,0.2924290001828922,1.5522126729150718,3.33831991383704e-07,64.0,9.660377358490566
1024,16,32,0.4641479999918374,0.4550230000859301,1.0200539311291608,3.444509673045104e-07,32.0,5.069306930693069
2048,1,32,2.4457545000586833,0.35038600003645115,6.9801718670387745,3.405368715903023e-07,1024.0,85.33333333333333
2048,4,32,2.153614999997444,0.4908469999236331,4.387548462825499,3.4557007211333257e-07,256.0,32.507936507936506
2048,8,32,1.8197640000607862,0.5870715000355631,3.0997314636301545,3.4970906881426345e-07,128.0,17.808695652173913
2048,16,32,2.0185580000315895,0.9240834999673098,2.1843891813921554,3.5841517842527537e-07,64.0,9.351598173515981
4096,1,32,15.367185999934918,0.5329954999524489,28.831736855763133,3.664807763925637e-07,2048.0,157.53846153846155
4096,4,32,12.358018999975684,1.3761075000502387,8.980416863889282,3.753359578695381e-07,512.0,60.23529411764706
4096,8,32,12.353832500025419,1.179026000045269,10.477998364371176,3.731052515831834e-07,256.0,33.03225806451613
