method,N,T_vectors,dictionary_K,dense_ms,implicit_ms,speedup_x,relative_error,dense_weight_MB,structured_weight_MB,weight_memory_reduction_x
QFFT_complex_amplitude_exact,12288,1,,16.502581999986887,0.2283829999782938,72.25836424582977,7.078519916537665e-07,576.0,0.140625,4096.0
QFFT_complex_amplitude_exact,12288,4,,82.03878200004056,0.5859999999984211,139.9979215021529,4.1406515090813566e-07,576.0,0.140625,4096.0
QFFT_complex_amplitude_exact,12288,8,,107.51106100002517,1.644419999990987,65.37931976053224,4.12049069350863e-07,576.0,0.140625,4096.0
QFFT_complex_amplitude_exact,12288,16,,88.56236200000467,2.29194399997823,38.640718098193446,4.163641347989397e-07,576.0,0.140625,4096.0
QBit_normalize_dedup_exact,4096,8,16.0,4.80830000003607,0.13265900003034403,36.24556192143943,2.604845690257207e-07,64.0,0.0390625,1638.4
QBit_normalize_dedup_exact,4096,8,64.0,5.375920000005863,0.13160200001038902,40.84983510570867,2.8175338684377493e-07,64.0,0.0625,1024.0
QBit_normalize_dedup_exact,8192,8,64.0,27.182508000009875,0.4054519999954209,67.04248098496707,2.894680051213072e-07,256.0,0.125,2048.0
QBit_normalize_dedup_exact,12288,8,16.0,43.26696200001834,0.32161500001848253,134.53029864133165,3.1824961865822843e-07,576.0,0.1171875,4915.2
QBit_normalize_dedup_exact,12288,8,64.0,82.72072799996977,0.4156360000138193,199.0220481315849,2.913626531153568e-07,576.0,0.1875,3072.0
QBit_normalize_dedup_exact,12288,8,256.0,84.77913100000478,0.9700859999952627,87.3934176974194,2.904184270846599e-07,576.0,0.46875,1228.8
