op,chi,params,compression_x,relative_error
L0.q,4,480,546.1333333333333,0.9990410804748535
L0.q,8,1568,167.18367346938774,0.9967395663261414
L0.q,16,5664,46.282485875706215,0.9871705174446106
L0.q,32,16928,15.485822306238186,0.9587926268577576
L0.k,4,480,546.1333333333333,0.9990696907043457
L0.k,8,1568,167.18367346938774,0.9968560934066772
L0.k,16,5664,46.282485875706215,0.9870654344558716
L0.k,32,16928,15.485822306238186,0.9584516286849976
L0.v,4,480,546.1333333333333,0.999118983745575
L0.v,8,1568,167.18367346938774,0.9967110753059387
L0.v,16,5664,46.282485875706215,0.9870983958244324
L0.v,32,16928,15.485822306238186,0.9586443901062012
L0.o,4,480,546.1333333333333,0.9990198612213135
L0.o,8,1568,167.18367346938774,0.9968017339706421
L0.o,16,5664,46.282485875706215,0.9870173335075378
L0.o,32,16928,15.485822306238186,0.9593397974967957
L0.fc1.0,4,480,546.1333333333333,0.9991350769996643
L0.fc1.0,8,1568,167.18367346938774,0.9968810677528381
L0.fc1.0,16,5664,46.282485875706215,0.9876843690872192
L0.fc1.0,32,16928,15.485822306238186,0.9594411253929138
L0.fc1.1,4,480,546.1333333333333,0.999152421951294
L0.fc1.1,8,1568,167.18367346938774,0.9969099164009094
L0.fc1.1,16,5664,46.282485875706215,0.9874289631843567
L0.fc1.1,32,16928,15.485822306238186,0.9587481021881104
L0.fc1.2,4,480,546.1333333333333,0.9991907477378845
L0.fc1.2,8,1568,167.18367346938774,0.9968546032905579
L0.fc1.2,16,5664,46.282485875706215,0.9874141812324524
L0.fc1.2,32,16928,15.485822306238186,0.9588735699653625
L0.fc1.3,4,480,546.1333333333333,0.999155580997467
L0.fc1.3,8,1568,167.18367346938774,0.9967294335365295
L0.fc1.3,16,5664,46.282485875706215,0.987541139125824
L0.fc1.3,32,16928,15.485822306238186,0.9591071009635925
L0.fc2.0,4,480,546.1333333333333,0.9991899132728577
L0.fc2.0,8,1568,167.18367346938774,0.9968107342720032
L0.fc2.0,16,5664,46.282485875706215,0.9871681332588196
L0.fc2.0,32,16928,15.485822306238186,0.9593732357025146
L0.fc2.1,4,480,546.1333333333333,0.9992241859436035
L0.fc2.1,8,1568,167.18367346938774,0.9967385530471802
L0.fc2.1,16,5664,46.282485875706215,0.9872679710388184
L0.fc2.1,32,16928,15.485822306238186,0.9582820534706116
L0.fc2.2,4,480,546.1333333333333,0.9991028904914856
L0.fc2.2,8,1568,167.18367346938774,0.9966407418251038
L0.fc2.2,16,5664,46.282485875706215,0.9869871139526367
L0.fc2.2,32,16928,15.485822306238186,0.9588372707366943
L0.fc2.3,4,480,546.1333333333333,0.9991129636764526
L0.fc2.3,8,1568,167.18367346938774,0.996977686882019
L0.fc2.3,16,5664,46.282485875706215,0.9873204231262207
L0.fc2.3,32,16928,15.485822306238186,0.9589571356773376
L1.q,4,480,546.1333333333333,0.9990089535713196
L1.q,8,1568,167.18367346938774,0.9967792630195618
L1.q,16,5664,46.282485875706215,0.9872009754180908
L1.q,32,16928,15.485822306238186,0.9595550894737244
L1.k,4,480,546.1333333333333,0.9990403652191162
L1.k,8,1568,167.18367346938774,0.9967533946037292
L1.k,16,5664,46.282485875706215,0.9873220324516296
L1.k,32,16928,15.485822306238186,0.9588019847869873
L1.v,4,480,546.1333333333333,0.9991388916969299
L1.v,8,1568,167.18367346938774,0.996883749961853
L1.v,16,5664,46.282485875706215,0.9869756102561951
L1.v,32,16928,15.485822306238186,0.9589967727661133
L1.o,4,480,546.1333333333333,0.9990720748901367
L1.o,8,1568,167.18367346938774,0.9967204332351685
L1.o,16,5664,46.282485875706215,0.9871401190757751
L1.o,32,16928,15.485822306238186,0.9592851400375366
L1.fc1.0,4,480,546.1333333333333,0.9990406036376953
L1.fc1.0,8,1568,167.18367346938774,0.9967563152313232
L1.fc1.0,16,5664,46.282485875706215,0.9870330691337585
L1.fc1.0,32,16928,15.485822306238186,0.9589435458183289
L1.fc1.1,4,480,546.1333333333333,0.9990310072898865
L1.fc1.1,8,1568,167.18367346938774,0.9965532422065735
L1.fc1.1,16,5664,46.282485875706215,0.9868072867393494
L1.fc1.1,32,16928,15.485822306238186,0.9584417939186096
L1.fc1.2,4,480,546.1333333333333,0.9989621639251709
L1.fc1.2,8,1568,167.18367346938774,0.9968027472496033
L1.fc1.2,16,5664,46.282485875706215,0.9873071908950806
L1.fc1.2,32,16928,15.485822306238186,0.9584630131721497
L1.fc1.3,4,480,546.1333333333333,0.9990097880363464
L1.fc1.3,8,1568,167.18367346938774,0.9966737627983093
L1.fc1.3,16,5664,46.282485875706215,0.9871460795402527
L1.fc1.3,32,16928,15.485822306238186,0.9589357376098633
L1.fc2.0,4,480,546.1333333333333,0.9990432262420654
L1.fc2.0,8,1568,167.18367346938774,0.996759295463562
L1.fc2.0,16,5664,46.282485875706215,0.987407922744751
L1.fc2.0,32,16928,15.485822306238186,0.959361732006073
L1.fc2.1,4,480,546.1333333333333,0.9991345405578613
L1.fc2.1,8,1568,167.18367346938774,0.9970333576202393
L1.fc2.1,16,5664,46.282485875706215,0.9871320128440857
L1.fc2.1,32,16928,15.485822306238186,0.9590614438056946
L1.fc2.2,4,480,546.1333333333333,0.9991491436958313
L1.fc2.2,8,1568,167.18367346938774,0.9967966079711914
L1.fc2.2,16,5664,46.282485875706215,0.9871118068695068
L1.fc2.2,32,16928,15.485822306238186,0.9586499929428101
L1.fc2.3,4,480,546.1333333333333,0.9990634322166443
L1.fc2.3,8,1568,167.18367346938774,0.9968758821487427
L1.fc2.3,16,5664,46.282485875706215,0.9872705340385437
L1.fc2.3,32,16928,15.485822306238186,0.959273099899292
