group,R,ppl,acc,linear_storage_params,linear_compression_x,ppl_ratio
attention,8,26.44805377035276,0.1832310267857143,278528,1.411764705882353,4.025895711754569
attention,16,24.04038560442849,0.18829520089285715,294912,1.3333333333333333,3.6594029244709914
attention,32,16.83285577769181,0.22681361607142858,327680,1.2,2.5622801012283603
attention,48,10.394353175216455,0.37947823660714286,360448,1.0909090909090908,1.5822178160222438
mlp,8,77.3542713977309,0.10601283482142858,163840,2.4,11.774788126569597
mlp,16,43.38839534007019,0.10647321428571428,196608,2.0,6.60453719038135
mlp,32,16.28803514109284,0.23927176339285713,262144,1.5,2.4793480607990603
mlp,48,9.547114067532437,0.4366908482142857,327680,1.2,1.453251945033304
both,8,97.69092974412496,0.10606863839285714,49152,8.0,14.870413473488028
both,16,46.27998616785394,0.10643136160714285,98304,4.0,7.044692190624613
both,32,18.80337735254432,0.21238839285714287,196608,2.0,2.862230881236653
both,48,11.484636695449646,0.3771902901785714,294912,1.3333333333333333,1.7481796590680936
