N,active_k,fanout_R,dense_ms,csr_ms,state_raw_us,state_coalesced_us,speedup_dense_vs_coalesced_x,speedup_csr_vs_coalesced_x,coalescing_overhead_x,relative_error_max,state_entries_before_coalesce
2048,8,2,0.34693999998580694,0.03694399993037223,2.1230000584182562,2.8939999765498214,119.8825165159203,12.76572226321033,1.363165283521471,0.0,16
2048,8,4,0.3454879999935656,0.03548200004388491,2.2629999421042157,3.2250000003841706,107.12806200074733,11.002170554932775,1.4250994621703144,0.0,32
2048,8,8,0.3556020000132776,0.02697999991596589,1.6630000345685403,2.534000032028416,140.332279210204,10.647197938024075,1.523752242546317,0.0,64
2048,64,2,0.269015000071704,0.027920999968955584,1.8619999764268869,3.4649999633984407,77.63780747860571,8.058008734167755,1.8609022595411924,0.0,128
2048,64,4,0.2543639999430525,0.02746099994510587,2.332999997634033,5.438000016511069,46.775284878768396,5.049834472550148,2.3309044243574415,7.513108357670717e-09,256
2048,64,8,0.2717390000270825,0.029673999961232767,2.9240000003483146,8.862999948178185,30.65993474172808,3.348076287344709,3.0311217329419975,1.116568704162546e-08,512
2048,384,2,0.29950999999073247,0.03174599999056227,3.6459999819271616,14.491000001726206,20.668690908498657,2.190739078516362,3.9744926147988395,0.0,768
2048,384,4,0.3791479999790681,0.034631000062290695,6.138999992799654,26.31799998198403,14.406413870302213,1.3158674704003848,4.287017431642293,1.186165921041038e-08,1536
2048,384,8,0.4206380000368881,0.03999900002327195,9.363999993183825,49.83299993455148,8.440952794119077,0.8026608888849741,5.321764200216314,2.634261164757845e-08,3072
4096,8,2,2.4823469999546433,0.028641999961109832,1.6320000213454477,2.062999897134432,1203.270539859307,13.883665239583587,1.2640930576910538,0.0,16
4096,8,4,3.261172000065926,0.03606300003866636,2.312999981768371,3.1439999474969227,1037.268465179934,11.470420051176434,1.3592736585727174,0.0,32
4096,8,8,3.3808270000008633,0.037094000049364695,2.423000069029513,3.7759999713671277,895.3461402640877,9.823622968920349,1.5583986231083904,0.0,64
4096,64,2,3.316021999921759,0.02905200005898223,1.8530000716054928,3.395000021555461,976.7369599021335,8.557290095589366,1.8321639991162735,0.0,128
4096,64,4,3.9936989999205252,0.03864699999667209,3.484999979264103,8.041999990382465,496.6051982960263,4.8056453671836055,2.30760402818729,0.0,256
4096,64,8,2.6099350000095,0.03251800001180527,2.984000047945301,9.264000027542352,281.72873405116883,3.5101467956743924,3.1045576000983255,5.21785814555642e-09,512
4096,384,2,3.178660999992644,0.03334899997753382,3.714999934345542,12.62800003587472,251.71531445695499,2.6408774059861484,3.399192532717864,0.0,768
4096,384,4,3.1731230000104915,0.03566300006241363,5.998000006002258,26.40899992911727,120.15309207191754,1.3504108507756611,4.402967639661475,8.524525085817913e-09,1536
4096,384,8,3.587090999985776,0.0439249999999447,9.212999998453597,50.31399996369146,71.29409314652702,0.8730174510403207,5.461196132870581,1.489318268710349e-08,3072
8192,8,2,13.318240999979025,0.02930300001935393,1.5919999896141235,2.06300001082127,6455.76390214225,14.204071675059543,1.2958542866079474,0.0,16
8192,8,4,16.109361999951943,0.03817599997546495,2.3540000029242947,3.2149999924513395,5010.688036633259,11.874339056018757,1.365760402913107,0.0,32
8192,8,8,16.09389899999769,0.038026000083846156,2.4729999950068304,3.765000087696535,4274.607868560263,10.099866984893179,1.5224424162144554,0.0,64
8192,64,2,13.716812999973627,0.037915000007160415,2.743999971244193,5.077999958302826,2701.223535369637,7.466522315575679,1.8505830945764707,0.0,128
8192,64,4,13.499993999971593,0.0397789999624365,3.4549999554656097,8.031999982449634,1680.7761490873793,4.952564747180755,2.3247467687354018,0.0,256
8192,64,8,13.021149999985937,0.033699000027809234,2.934999997705745,9.17400006983371,1419.3535972168313,3.673315867809893,3.1257240466796996,0.0,512
8192,384,2,10.509161999948446,0.045736999936707434,5.708999992748431,19.62900000762602,535.3895764361687,2.3300728472636534,3.4382553919353236,0.0,768
8192,384,4,12.926984000046104,0.05016399995838583,9.062999993147969,38.475999986076204,335.97525742603585,1.3037737804485734,4.245393359281228,4.20123891231583e-09,1536
8192,384,8,10.56886999992912,0.04902199998468859,9.203999979945365,50.474000090616755,209.39236004585854,0.9712327118254672,5.483920056561796,1.0256961502363993e-08,3072
