model,rank_R,total_steps,linear_compression_x,total_model_compression_x,byte_ppl,next_byte_accuracy
Dense baseline,,150,1.0,1.0,14.9057475623,
Q-CNO native,8.0,150,8.0,4.7647058824,19.3723385897,0.26327311198
Q-CNO native,16.0,150,4.0,3.0983606557,18.2351041773,0.2576171875
Q-CNO native,32.0,150,2.0,1.8231511254,17.2778632746,0.25682779948
Dense baseline,,300,1.0,1.0,8.9391059574,
Dense baseline,,450,1.0,1.0,7.3206001987,
Dense baseline,,600,1.0,1.0,6.596698603,
Q-CNO native,8.0,600,8.0,4.7647058824,12.346508559,0.3267171224
Q-CNO native,16.0,600,4.0,3.0983606557,11.3415549421,0.3498453776
Q-CNO native,32.0,600,2.0,1.8231511254,10.3453726015,0.38451334635
